Package_Name,Villa_Type,Season,Package_Duration,Package_Price_USD,Additional_Night_USD,Transfer_Type,Valid_From,Valid_To,Minimum_Stay,Inclusions,Restrictions
3 Nights Middle East Package,Beach Villa,Low Season,3 Nights,USD 3,950,USD 725,Seaplane Transfer,01/08/2025,30/09/2025,Not specified,Breakfast & Dinner at Epicure or BLU,Valid for Middle East & GCC Market Only. Book by period: 30/09/2025. Offer is subject to availability, stop sales and length of stay restrictions upon resort's discretion with a 48 hrs notice period. This Middle East Package supersedes any existing package. All villas are on free sale while Pavilions are on request basis.
3 Nights Middle East Package,Deluxe Beach Villa,Low Season,3 Nights,USD 4,400,USD 875,Seaplane Transfer,01/08/2025,30/09/2025,Not specified,Breakfast & Dinner at Epicure or BLU,Valid for Middle East & GCC Market Only. Book by period: 30/09/2025. Offer is subject to availability, stop sales and length of stay restrictions upon resort's discretion with a 48 hrs notice period. This Middle East Package supersedes any existing package. All villas are on free sale while Pavilions are on request basis.
3 Nights Middle East Package,Beach Pool Villa,Low Season,3 Nights,USD 4,510,USD 910,Seaplane Transfer,01/08/2025,30/09/2025,Not specified,Breakfast & Dinner at Epicure or BLU,Valid for Middle East & GCC Market Only. Book by period: 30/09/2025. Offer is subject to availability, stop sales and length of stay restrictions upon resort's discretion with a 48 hrs notice period. This Middle East Package supersedes any existing package. All villas are on free sale while Pavilions are on request basis.
3 Nights Middle East Package,Deluxe Beach Pool Villa,Low Season,3 Nights,USD 5,170,USD 1,130,Seaplane Transfer,01/08/2025,30/09/2025,Not specified,Breakfast & Dinner at Epicure or BLU,Valid for Middle East & GCC Market Only. Book by period: 30/09/2025. Offer is subject to availability, stop sales and length of stay restrictions upon resort's discretion with a 48 hrs notice period. This Middle East Package supersedes any existing package. All villas are on free sale while Pavilions are on request basis.
3 Nights Middle East Package,Over Water Pool Villa,Low Season,3 Nights,USD 4,510,USD 910,Seaplane Transfer,01/08/2025,30/09/2025,Not specified,Breakfast & Dinner at Epicure or BLU,Valid for Middle East & GCC Market Only. Book by period: 30/09/2025. Offer is subject to availability, stop sales and length of stay restrictions upon resort's discretion with a 48 hrs notice period. This Middle East Package supersedes any existing package. All villas are on free sale while Pavilions are on request basis.
3 Nights Middle East Package,Deluxe Over Water Pool Villa,Low Season,3 Nights,USD 4,960,USD 1,060,Seaplane Transfer,01/08/2025,30/09/2025,Not specified,Breakfast & Dinner at Epicure or BLU,Valid for Middle East & GCC Market Only. Book by period: 30/09/2025. Offer is subject to availability, stop sales and length of stay restrictions upon resort's discretion with a 48 hrs notice period. This Middle East Package supersedes any existing package. All villas are on free sale while Pavilions are on request basis.
3 Nights Middle East Package,Family Beach Pool Villa,Low Season,3 Nights,USD 5,410,USD 1,210,Seaplane Transfer,01/08/2025,30/09/2025,Not specified,Breakfast & Dinner at Epicure or BLU,Valid for Middle East & GCC Market Only. Book by period: 30/09/2025. Offer is subject to availability, stop sales and length of stay restrictions upon resort's discretion with a 48 hrs notice period. This Middle East Package supersedes any existing package. All villas are on free sale while Pavilions are on request basis.
3 Nights Middle East Package,Deluxe Family Beach Pool Villa,Low Season,3 Nights,USD 6,015,USD 1,415,Seaplane Transfer,01/08/2025,30/09/2025,Not specified,Breakfast & Dinner at Epicure or BLU,Valid for Middle East & GCC Market Only. Book by period: 30/09/2025. Offer is subject to availability, stop sales and length of stay restrictions upon resort's discretion with a 48 hrs notice period. This Middle East Package supersedes any existing package. All villas are on free sale while Pavilions are on request basis.
3 Nights Middle East Package,One Bedroom Ocean Pool Pavilion,Low Season,3 Nights,USD 6,470,USD 1,585,Seaplane Transfer,01/08/2025,30/09/2025,Not specified,Breakfast & Dinner at Epicure or BLU,Valid for Middle East & GCC Market Only. Book by period: 30/09/2025. Offer is subject to availability, stop sales and length of stay restrictions upon resort's discretion with a 48 hrs notice period. This Middle East Package supersedes any existing package. All villas are on free sale while Pavilions are on request basis.
3 Nights Middle East Package,One Bedroom Beach Pool Pavilion,Low Season,3 Nights,USD 6,920,USD 1,735,Seaplane Transfer,01/08/2025,30/09/2025,Not specified,Breakfast & Dinner at Epicure or BLU,Valid for Middle East & GCC Market Only. Book by period: 30/09/2025. Offer is subject to availability, stop sales and length of stay restrictions upon resort's discretion with a 48 hrs notice period. This Middle East Package supersedes any existing package. All villas are on free sale while Pavilions are on request basis.
3 Nights Middle East Package,Two Bedroom Ocean Pool Pavilion,Low Season,3 Nights,USD 11,700,USD 2,800,Seaplane Transfer,01/08/2025,30/09/2025,Not specified,Breakfast & Dinner at Epicure or BLU,Valid for Middle East & GCC Market Only. Book by period: 30/09/2025. Offer is subject to availability, stop sales and length of stay restrictions upon resort's discretion with a 48 hrs notice period. This Middle East Package supersedes any existing package. All villas are on free sale while Pavilions are on request basis.
3 Nights Middle East Package,Two Bedroom Beach Pool Pavilion,Low Season,3 Nights,USD 12,830,USD 3,175,Seaplane Transfer,01/08/2025,30/09/2025,Not specified,Breakfast & Dinner at Epicure or BLU,Valid for Middle East & GCC Market Only. Book by period: 30/09/2025. Offer is subject to availability, stop sales and length of stay restrictions upon resort's discretion with a 48 hrs notice period. This Middle East Package supersedes any existing package. All villas are on free sale while Pavilions are on request basis.
3 Nights Middle East Package,Three Bedroom Beach Pool Pavilion,Low Season,3 Nights,USD 16,480,USD 3,860,Seaplane Transfer,01/08/2025,30/09/2025,Not specified,Breakfast & Dinner at Epicure or BLU,Valid for Middle East & GCC Market Only. Book by period: 30/09/2025. Offer is subject to availability, stop sales and length of stay restrictions upon resort's discretion with a 48 hrs notice period. This Middle East Package supersedes any existing package. All villas are on free sale while Pavilions are on request basis.
3 Nights Middle East Package,Beach Villa,Shoulder Season,3 Nights,USD 4,400,USD 875,Seaplane Transfer,01/10/2025,22/12/2025,Not specified,Breakfast & Dinner at Epicure or BLU,Valid for Middle East & GCC Market Only. Book by period: 30/09/2025. Offer is subject to availability, stop sales and length of stay restrictions upon resort's discretion with a 48 hrs notice period. This Middle East Package supersedes any existing package. All villas are on free sale while Pavilions are on request basis.
3 Nights Middle East Package,Deluxe Beach Villa,Shoulder Season,3 Nights,USD 4,625,USD 950,Seaplane Transfer,01/10/2025,22/12/2025,Not specified,Breakfast & Dinner at Epicure or BLU,Valid for Middle East & GCC Market Only. Book by period: 30/09/2025. Offer is subject to availability, stop sales and length of stay restrictions upon resort's discretion with a 48 hrs notice period. This Middle East Package supersedes any existing package. All villas are on free sale while Pavilions are on request basis.
3 Nights Middle East Package,Beach Pool Villa,Shoulder Season,3 Nights,USD 4,960,USD 1,060,Seaplane Transfer,01/10/2025,22/12/2025,Not specified,Breakfast & Dinner at Epicure or BLU,Valid for Middle East & GCC Market Only. Book by period: 30/09/2025. Offer is subject to availability, stop sales and length of stay restrictions upon resort's discretion with a 48 hrs notice period. This Middle East Package supersedes any existing package. All villas are on free sale while Pavilions are on request basis.
3 Nights Middle East Package,Deluxe Beach Pool Villa,Shoulder Season,3 Nights,USD 5,530,USD 1,250,Seaplane Transfer,01/10/2025,22/12/2025,Not specified,Breakfast & Dinner at Epicure or BLU,Valid for Middle East & GCC Market Only. Book by period: 30/09/2025. Offer is subject to availability, stop sales and length of stay restrictions upon resort's discretion with a 48 hrs notice period. This Middle East Package supersedes any existing package. All villas are on free sale while Pavilions are on request basis.
3 Nights Middle East Package,Over Water Pool Villa,Shoulder Season,3 Nights,USD 4,960,USD 1,060,Seaplane Transfer,01/10/2025,22/12/2025,Not specified,Breakfast & Dinner at Epicure or BLU,Valid for Middle East & GCC Market Only. Book by period: 30/09/2025. Offer is subject to availability, stop sales and length of stay restrictions upon resort's discretion with a 48 hrs notice period. This Middle East Package supersedes any existing package. All villas are on free sale while Pavilions are on request basis.
3 Nights Middle East Package,Deluxe Over Water Pool Villa,Shoulder Season,3 Nights,USD 5,410,USD 1,210,Seaplane Transfer,01/10/2025,22/12/2025,Not specified,Breakfast & Dinner at Epicure or BLU,Valid for Middle East & GCC Market Only. Book by period: 30/09/2025. Offer is subject to availability, stop sales and length of stay restrictions upon resort's discretion with a 48 hrs notice period. This Middle East Package supersedes any existing package. All villas are on free sale while Pavilions are on request basis.
3 Nights Middle East Package,Family Beach Pool Villa,Shoulder Season,3 Nights,USD 6,200,USD 1,475,Seaplane Transfer,01/10/2025,22/12/2025,Not specified,Breakfast & Dinner at Epicure or BLU,Valid for Middle East & GCC Market Only. Book by period: 30/09/2025. Offer is subject to availability, stop sales and length of stay restrictions upon resort's discretion with a 48 hrs notice period. This Middle East Package supersedes any existing package. All villas are on free sale while Pavilions are on request basis.
3 Nights Middle East Package,Deluxe Family Beach Pool Villa,Shoulder Season,3 Nights,USD 6,850,USD 1,695,Seaplane Transfer,01/10/2025,22/12/2025,Not specified,Breakfast & Dinner at Epicure or BLU,Valid for Middle East & GCC Market Only. Book by period: 30/09/2025. Offer is subject to availability, stop sales and length of stay restrictions upon resort's discretion with a 48 hrs notice period. This Middle East Package supersedes any existing package. All villas are on free sale while Pavilions are on request basis.
3 Nights Middle East Package,One Bedroom Ocean Pool Pavilion,Shoulder Season,3 Nights,USD 7,370,USD 1,885,Seaplane Transfer,01/10/2025,22/12/2025,Not specified,Breakfast & Dinner at Epicure or BLU,Valid for Middle East & GCC Market Only. Book by period: 30/09/2025. Offer is subject to availability, stop sales and length of stay restrictions upon resort's discretion with a 48 hrs notice period. This Middle East Package supersedes any existing package. All villas are on free sale while Pavilions are on request basis.
3 Nights Middle East Package,One Bedroom Beach Pool Pavilion,Shoulder Season,3 Nights,USD 7,600,USD 1,960,Seaplane Transfer,01/10/2025,22/12/2025,Not specified,Breakfast & Dinner at Epicure or BLU,Valid for Middle East & GCC Market Only. Book by period: 30/09/2025. Offer is subject to availability, stop sales and length of stay restrictions upon resort's discretion with a 48 hrs notice period. This Middle East Package supersedes any existing package. All villas are on free sale while Pavilions are on request basis.
3 Nights Middle East Package,Two Bedroom Ocean Pool Pavilion,Shoulder Season,3 Nights,USD 13,950,USD 3,550,Seaplane Transfer,01/10/2025,22/12/2025,Not specified,Breakfast & Dinner at Epicure or BLU,Valid for Middle East & GCC Market Only. Book by period: 30/09/2025. Offer is subject to availability, stop sales and length of stay restrictions upon resort's discretion with a 48 hrs notice period. This Middle East Package supersedes any existing package. All villas are on free sale while Pavilions are on request basis.
3 Nights Middle East Package,Two Bedroom Beach Pool Pavilion,Shoulder Season,3 Nights,USD 15,750,USD 4,150,Seaplane Transfer,01/10/2025,22/12/2025,Not specified,Breakfast & Dinner at Epicure or BLU,Valid for Middle East & GCC Market Only. Book by period: 30/09/2025. Offer is subject to availability, stop sales and length of stay restrictions upon resort's discretion with a 48 hrs notice period. This Middle East Package supersedes any existing package. All villas are on free sale while Pavilions are on request basis.
3 Nights Middle East Package,Three Bedroom Beach Pool Pavilion,Shoulder Season,3 Nights,USD 20,080,USD 5,060,Seaplane Transfer,01/10/2025,22/12/2025,Not specified,Breakfast & Dinner at Epicure or BLU,Valid for Middle East & GCC Market Only. Book by period: 30/09/2025. Offer is subject to availability, stop sales and length of stay restrictions upon resort's discretion with a 48 hrs notice period. This Middle East Package supersedes any existing package. All villas are on free sale while Pavilions are on request basis.
3 Nights Middle East Package,Beach Villa,Low Season,3 Nights,USD 3,430,USD 725,Domestic Flight + Speedboat Transfer,01/08/2025,30/09/2025,Not specified,Breakfast & Dinner at Epicure or BLU,Valid for Middle East & GCC Market Only. Book by period: 30/09/2025. Offer is subject to availability, stop sales and length of stay restrictions upon resort's discretion with a 48 hrs notice period. This Middle East Package supersedes any existing package. All villas are on free sale while Pavilions are on request basis.
3 Nights Middle East Package,Deluxe Beach Villa,Low Season,3 Nights,USD 3,880,USD 875,Domestic Flight + Speedboat Transfer,01/08/2025,30/09/2025,Not specified,Breakfast & Dinner at Epicure or BLU,Valid for Middle East & GCC Market Only. Book by period: 30/09/2025. Offer is subject to availability, stop sales and length of stay restrictions upon resort's discretion with a 48 hrs notice period. This Middle East Package supersedes any existing package. All villas are on free sale while Pavilions are on request basis.
3 Nights Middle East Package,Beach Pool Villa,Low Season,3 Nights,USD 3,990,USD 910,Domestic Flight + Speedboat Transfer,01/08/2025,30/09/2025,Not specified,Breakfast & Dinner at Epicure or BLU,Valid for Middle East & GCC Market Only. Book by period: 30/09/2025. Offer is subject to availability, stop sales and length of stay restrictions upon resort's discretion with a 48 hrs notice period. This Middle East Package supersedes any existing package. All villas are on free sale while Pavilions are on request basis.
3 Nights Middle East Package,Deluxe Beach Pool Villa,Low Season,3 Nights,USD 4,650,USD 1,130,Domestic Flight + Speedboat Transfer,01/08/2025,30/09/2025,Not specified,Breakfast & Dinner at Epicure or BLU,Valid for Middle East & GCC Market Only. Book by period: 30/09/2025. Offer is subject to availability, stop sales and length of stay restrictions upon resort's discretion with a 48 hrs notice period. This Middle East Package supersedes any existing package. All villas are on free sale while Pavilions are on request basis.
3 Nights Middle East Package,Over Water Pool Villa,Low Season,3 Nights,USD 3,990,USD 910,Domestic Flight + Speedboat Transfer,01/08/2025,30/09/2025,Not specified,Breakfast & Dinner at Epicure or BLU,Valid for Middle East & GCC Market Only. Book by period: 30/09/2025. Offer is subject to availability, stop sales and length of stay restrictions upon resort's discretion with a 48 hrs notice period. This Middle East Package supersedes any existing package. All villas are on free sale while Pavilions are on request basis.
3 Nights Middle East Package,Deluxe Over Water Pool Villa,Low Season,3 Nights,USD 4,440,USD 1,060,Domestic Flight + Speedboat Transfer,01/08/2025,30/09/2025,Not specified,Breakfast & Dinner at Epicure or BLU,Valid for Middle East & GCC Market Only. Book by period: 30/09/2025. Offer is subject to availability, stop sales and length of stay restrictions upon resort's discretion with a 48 hrs notice period. This Middle East Package supersedes any existing package. All villas are on free sale while Pavilions are on request basis.
3 Nights Middle East Package,Family Beach Pool Villa,Low Season,3 Nights,USD 4,890,USD 1,210,Domestic Flight + Speedboat Transfer,01/08/2025,30/09/2025,Not specified,Breakfast & Dinner at Epicure or BLU,Valid for Middle East & GCC Market Only. Book by period: 30/09/2025. Offer is subject to availability, stop sales and length of stay restrictions upon resort's discretion with a 48 hrs notice period. This Middle East Package supersedes any existing package. All villas are on free sale while Pavilions are on request basis.
3 Nights Middle East Package,Deluxe Family Beach Pool Villa,Low Season,3 Nights,USD 5,490,USD 1,415,Domestic Flight + Speedboat Transfer,01/08/2025,30/09/2025,Not specified,Breakfast & Dinner at Epicure or BLU,Valid for Middle East & GCC Market Only. Book by period: 30/09/2025. Offer is subject to availability, stop sales and length of stay restrictions upon resort's discretion with a 48 hrs notice period. This Middle East Package supersedes any existing package. All villas are on free sale while Pavilions are on request basis.
3 Nights Middle East Package,One Bedroom Ocean Pool Pavilion,Low Season,3 Nights,USD 5,950,USD 1,585,Domestic Flight + Speedboat Transfer,01/08/2025,30/09/2025,Not specified,Breakfast & Dinner at Epicure or BLU,Valid for Middle East & GCC Market Only. Book by period: 30/09/2025. Offer is subject to availability, stop sales and length of stay restrictions upon resort's discretion with a 48 hrs notice period. This Middle East Package supersedes any existing package. All villas are on free sale while Pavilions are on request basis.
3 Nights Middle East Package,One Bedroom Beach Pool Pavilion,Low Season,3 Nights,USD 6,400,USD 1,735,Domestic Flight + Speedboat Transfer,01/08/2025,30/09/2025,Not specified,Breakfast & Dinner at Epicure or BLU,Valid for Middle East & GCC Market Only. Book by period: 30/09/2025. Offer is subject to availability, stop sales and length of stay restrictions upon resort's discretion with a 48 hrs notice period. This Middle East Package supersedes any existing package. All villas are on free sale while Pavilions are on request basis.
3 Nights Middle East Package,Two Bedroom Ocean Pool Pavilion,Low Season,3 Nights,USD 10,660,USD 2,800,Domestic Flight + Speedboat Transfer,01/08/2025,30/09/2025,Not specified,Breakfast & Dinner at Epicure or BLU,Valid for Middle East & GCC Market Only. Book by period: 30/09/2025. Offer is subject to availability, stop sales and length of stay restrictions upon resort's discretion with a 48 hrs notice period. This Middle East Package supersedes any existing package. All villas are on free sale while Pavilions are on request basis.
3 Nights Middle East Package,Two Bedroom Beach Pool Pavilion,Low Season,3 Nights,USD 11,790,USD 3,175,Domestic Flight + Speedboat Transfer,01/08/2025,30/09/2025,Not specified,Breakfast & Dinner at Epicure or BLU,Valid for Middle East & GCC Market Only. Book by period: 30/09/2025. Offer is subject to availability, stop sales and length of stay restrictions upon resort's discretion with a 48 hrs notice period. This Middle East Package supersedes any existing package. All villas are on free sale while Pavilions are on request basis.
3 Nights Middle East Package,Three Bedroom Beach Pool Pavilion,Low Season,3 Nights,USD 14,920,USD 3,860,Domestic Flight + Speedboat Transfer,01/08/2025,30/09/2025,Not specified,Breakfast & Dinner at Epicure or BLU,Valid for Middle East & GCC Market Only. Book by period: 30/09/2025. Offer is subject to availability, stop sales and length of stay restrictions upon resort's discretion with a 48 hrs notice period. This Middle East Package supersedes any existing package. All villas are on free sale while Pavilions are on request basis.
3 Nights Middle East Package,Beach Villa,Shoulder Season,3 Nights,USD 3,880,USD 875,Domestic Flight + Speedboat Transfer,01/10/2025,22/12/2025,Not specified,Breakfast & Dinner at Epicure or BLU,Valid for Middle East & GCC Market Only. Book by period: 30/09/2025. Offer is subject to availability, stop sales and length of stay restrictions upon resort's discretion with a 48 hrs notice period. This Middle East Package supersedes any existing package. All villas are on free sale while Pavilions are on request basis.
3 Nights Middle East Package,Deluxe Beach Villa,Shoulder Season,3 Nights,USD 4,105,USD 950,Domestic Flight + Speedboat Transfer,01/10/2025,22/12/2025,Not specified,Breakfast & Dinner at Epicure or BLU,Valid for Middle East & GCC Market Only. Book by period: 30/09/2025. Offer is subject to availability, stop sales and length of stay restrictions upon resort's discretion with a 48 hrs notice period. This Middle East Package supersedes any existing package. All villas are on free sale while Pavilions are on request basis.
3 Nights Middle East Package,Beach Pool Villa,Shoulder Season,3 Nights,USD 4,440,USD 1,060,Domestic Flight + Speedboat Transfer,01/10/2025,22/12/2025,Not specified,Breakfast & Dinner at Epicure or BLU,Valid for Middle East & GCC Market Only. Book by period: 30/09/2025. Offer is subject to availability, stop sales and length of stay restrictions upon resort's discretion with a 48 hrs notice period. This Middle East Package supersedes any existing package. All villas are on free sale while Pavilions are on request basis.
3 Nights Middle East Package,Deluxe Beach Pool Villa,Shoulder Season,3 Nights,USD 5,010,USD 1,250,Domestic Flight + Speedboat Transfer,01/10/2025,22/12/2025,Not specified,Breakfast & Dinner at Epicure or BLU,Valid for Middle East & GCC Market Only. Book by period: 30/09/2025. Offer is subject to availability, stop sales and length of stay restrictions upon resort's discretion with a 48 hrs notice period. This Middle East Package supersedes any existing package. All villas are on free sale while Pavilions are on request basis.
3 Nights Middle East Package,Over Water Pool Villa,Shoulder Season,3 Nights,USD 4,440,USD 1,060,Domestic Flight + Speedboat Transfer,01/10/2025,22/12/2025,Not specified,Breakfast & Dinner at Epicure or BLU,Valid for Middle East & GCC Market Only. Book by period: 30/09/2025. Offer is subject to availability, stop sales and length of stay restrictions upon resort's discretion with a 48 hrs notice period. This Middle East Package supersedes any existing package. All villas are on free sale while Pavilions are on request basis.
3 Nights Middle East Package,Deluxe Over Water Pool Villa,Shoulder Season,3 Nights,USD 4,890,USD 1,210,Domestic Flight + Speedboat Transfer,01/10/2025,22/12/2025,Not specified,Breakfast & Dinner at Epicure or BLU,Valid for Middle East & GCC Market Only. Book by period: 30/09/2025. Offer is subject to availability, stop sales and length of stay restrictions upon resort's discretion with a 48 hrs notice period. This Middle East Package supersedes any existing package. All villas are on free sale while Pavilions are on request basis.
3 Nights Middle East Package,Family Beach Pool Villa,Shoulder Season,3 Nights,USD 5,680,USD 1,475,Domestic Flight + Speedboat Transfer,01/10/2025,22/12/2025,Not specified,Breakfast & Dinner at Epicure or BLU,Valid for Middle East & GCC Market Only. Book by period: 30/09/2025. Offer is subject to availability, stop sales and length of stay restrictions upon resort's discretion with a 48 hrs notice period. This Middle East Package supersedes any existing package. All villas are on free sale while Pavilions are on request basis.
3 Nights Middle East Package,Deluxe Family Beach Pool Villa,Shoulder Season,3 Nights,USD 6,330,USD 1,695,Domestic Flight + Speedboat Transfer,01/10/2025,22/12/2025,Not specified,Breakfast & Dinner at Epicure or BLU,Valid for Middle East & GCC Market Only. Book by period: 30/09/2025. Offer is subject to availability, stop sales and length of stay restrictions upon resort's discretion with a 48 hrs notice period. This Middle East Package supersedes any existing package. All villas are on free sale while Pavilions are on request basis.
3 Nights Middle East Package,One Bedroom Ocean Pool Pavilion,Shoulder Season,3 Nights,USD 6,850,USD 1,885,Domestic Flight + Speedboat Transfer,01/10/2025,22/12/2025,Not specified,Breakfast & Dinner at Epicure or BLU,Valid for Middle East & GCC Market Only. Book by period: 30/09/2025. Offer is subject to availability, stop sales and length of stay restrictions upon resort's discretion with a 48 hrs notice period. This Middle East Package supersedes any existing package. All villas are on free sale while Pavilions are on request basis.
3 Nights Middle East Package,One Bedroom Beach Pool Pavilion,Shoulder Season,3 Nights,USD 7,080,USD 1,960,Domestic Flight + Speedboat Transfer,01/10/2025,22/12/2025,Not specified,Breakfast & Dinner at Epicure or BLU,Valid for Middle East & GCC Market Only. Book by period: 30/09/2025. Offer is subject to availability, stop sales and length of stay restrictions upon resort's discretion with a 48 hrs notice period. This Middle East Package supersedes any existing package. All villas are on free sale while Pavilions are on request basis.
3 Nights Middle East Package,Two Bedroom Ocean Pool Pavilion,Shoulder Season,3 Nights,USD 12,910,USD 3,550,Domestic Flight + Speedboat Transfer,01/10/2025,22/12/2025,Not specified,Breakfast & Dinner at Epicure or BLU,Valid for Middle East & GCC Market Only. Book by period: 30/09/2025. Offer is subject to availability, stop sales and length of stay restrictions upon resort's discretion with a 48 hrs notice period. This Middle East Package supersedes any existing package. All villas are on free sale while Pavilions are on request basis.
3 Nights Middle East Package,Two Bedroom Beach Pool Pavilion,Shoulder Season,3 Nights,USD 14,715,USD 4,150,Domestic Flight + Speedboat Transfer,01/10/2025,22/12/2025,Not specified,Breakfast & Dinner at Epicure or BLU,Valid for Middle East & GCC Market Only. Book by period: 30/09/2025. Offer is subject to availability, stop sales and length of stay restrictions upon resort's discretion with a 48 hrs notice period. This Middle East Package supersedes any existing package. All villas are on free sale while Pavilions are on request basis.
3 Nights Middle East Package,Three Bedroom Beach Pool Pavilion,Shoulder Season,3 Nights,USD 18,520,USD 5,060,Domestic Flight + Speedboat Transfer,01/10/2025,22/12/2025,Not specified,Breakfast & Dinner at Epicure or BLU,Valid for Middle East & GCC Market Only. Book by period: 30/09/2025. Offer is subject to availability, stop sales and length of stay restrictions upon resort's discretion with a 48 hrs notice period. This Middle East Package supersedes any existing package. All villas are on free sale while Pavilions are on request basis.
Honeymoon/Anniversary Package,Beach Villa,Low Season,4 Nights,Not specified,Not specified,Not specified,01/08/2025,30/09/2025,4 Nights,Complimentary Sparkling Wine and fruit basket on arrival; One time USD 100 spa credit per villa; Niyama Signature room set up on arrival,Wedding date must be within the last 12 months prior to arrival
Honeymoon/Anniversary Package,Beach Villa,Shoulder Season,4 Nights,Not specified,Not specified,Not specified,01/10/2025,22/12/2025,4 Nights,Complimentary Sparkling Wine and fruit basket on arrival; One time USD 100 spa credit per villa; Niyama Signature room set up on arrival,Wedding date must be within the last 12 months prior to arrival
Birthday Package,Beach Villa,Low Season,Not specified,Not specified,Not specified,Not specified,01/08/2025,30/09/2025,Not specified,Complimentary birthday cake; Niyama Signature room set up on arrival,The stay must be during the birthday month
Birthday Package,Beach Villa,Shoulder Season,Not specified,Not specified,Not specified,Not specified,01/10/2025,22/12/2025,Not specified,Complimentary birthday cake; Niyama Signature room set up on arrival,The stay must be during the birthday month