Villa_Type,Season,Rate_Date_From,Rate_Date_To,Base_Rate_USD,Additional_Person_USD,Child_Rate_USD,Infant_Rate_USD,Min_Stay_Nights,Rate_Type,Cancellation_Policy
Beach Villa,Low Season,01/08/2025,30/09/2025,USD 3,950,USD 725,USD 61,USD 0,3,Package,100% for cancellations within 14 days of arrival
Deluxe Beach Villa,Low Season,01/08/2025,30/09/2025,USD 4,400,USD 875,USD 61,USD 0,3,Package,100% for cancellations within 14 days of arrival
Beach Pool Villa,Low Season,01/08/2025,30/09/2025,USD 4,510,USD 910,USD 61,USD 0,3,Package,100% for cancellations within 14 days of arrival
Deluxe Beach Pool Villa,Low Season,01/08/2025,30/09/2025,USD 5,170,USD 1,130,USD 61,USD 0,3,Package,100% for cancellations within 14 days of arrival
Over Water Pool Villa,Low Season,01/08/2025,30/09/2025,USD 4,510,USD 910,USD 61,USD 0,3,Package,100% for cancellations within 14 days of arrival
Deluxe Over Water Pool Villa,Low Season,01/08/2025,30/09/2025,USD 4,960,USD 1,060,USD 61,USD 0,3,Package,100% for cancellations within 14 days of arrival
Family Beach Pool Villa,Low Season,01/08/2025,30/09/2025,USD 5,410,USD 1,210,USD 61,USD 0,3,Package,100% for cancellations within 14 days of arrival
Deluxe Family Beach Pool Villa,Low Season,01/08/2025,30/09/2025,USD 6,015,USD 1,415,USD 61,USD 0,3,Package,100% for cancellations within 14 days of arrival
One Bedroom Ocean Pool Pavilion,Low Season,01/08/2025,30/09/2025,USD 6,470,USD 1,585,USD 61,USD 0,3,Package,100% for cancellations within 14 days of arrival
One Bedroom Beach Pool Pavilion,Low Season,01/08/2025,30/09/2025,USD 6,920,USD 1,735,USD 61,USD 0,3,Package,100% for cancellations within 14 days of arrival
Two Bedroom Ocean Pool Pavilion,Low Season,01/08/2025,30/09/2025,USD 11,700,USD 2,800,USD 61,USD 0,3,Package,100% for cancellations within 14 days of arrival
Two Bedroom Beach Pool Pavilion,Low Season,01/08/2025,30/09/2025,USD 12,830,USD 3,175,USD 61,USD 0,3,Package,100% for cancellations within 14 days of arrival
Three Bedroom Beach Pool Pavilion,Low Season,01/08/2025,30/09/2025,USD 16,480,USD 3,860,USD 61,USD 0,3,Package,100% for cancellations within 14 days of arrival
Beach Villa,Shoulder Season,01/10/2025,22/12/2025,USD 4,400,USD 875,USD 61,USD 0,3,Package,100% for cancellations within 21 days of arrival
Deluxe Beach Villa,Shoulder Season,01/10/2025,22/12/2025,USD 4,625,USD 950,USD 61,USD 0,3,Package,100% for cancellations within 21 days of arrival
Beach Pool Villa,Shoulder Season,01/10/2025,22/12/2025,USD 4,960,USD 1,060,USD 61,USD 0,3,Package,100% for cancellations within 21 days of arrival
Deluxe Beach Pool Villa,Shoulder Season,01/10/2025,22/12/2025,USD 5,530,USD 1,250,USD 61,USD 0,3,Package,100% for cancellations within 21 days of arrival
Over Water Pool Villa,Shoulder Season,01/10/2025,22/12/2025,USD 4,960,USD 1,060,USD 61,USD 0,3,Package,100% for cancellations within 21 days of arrival
Deluxe Over Water Pool Villa,Shoulder Season,01/10/2025,22/12/2025,USD 5,410,USD 1,210,USD 61,USD 0,3,Package,100% for cancellations within 21 days of arrival
Family Beach Pool Villa,Shoulder Season,01/10/2025,22/12/2025,USD 6,200,USD 1,475,USD 61,USD 0,3,Package,100% for cancellations within 21 days of arrival
Deluxe Family Beach Pool Villa,Shoulder Season,01/10/2025,22/12/2025,USD 6,850,USD 1,695,USD 61,USD 0,3,Package,100% for cancellations within 21 days of arrival
One Bedroom Ocean Pool Pavilion,Shoulder Season,01/10/2025,22/12/2025,USD 7,370,USD 1,885,USD 61,USD 0,3,Package,100% for cancellations within 21 days of arrival
One Bedroom Beach Pool Pavilion,Shoulder Season,01/10/2025,22/12/2025,USD 7,600,USD 1,960,USD 61,USD 0,3,Package,100% for cancellations within 21 days of arrival
Two Bedroom Ocean Pool Pavilion,Shoulder Season,01/10/2025,22/12/2025,USD 13,950,USD 3,550,USD 61,USD 0,3,Package,100% for cancellations within 21 days of arrival
Two Bedroom Beach Pool Pavilion,Shoulder Season,01/10/2025,22/12/2025,USD 15,750,USD 4,150,USD 61,USD 0,3,Package,100% for cancellations within 21 days of arrival
Three Bedroom Beach Pool Pavilion,Shoulder Season,01/10/2025,22/12/2025,USD 20,080,USD 5,060,USD 61,USD 0,3,Package,100% for cancellations within 21 days of arrival
Beach Villa,Low Season,01/08/2025,30/09/2025,USD 3,430,USD 725,USD 61,USD 0,3,Package,100% for cancellations within 14 days of arrival
Deluxe Beach Villa,Low Season,01/08/2025,30/09/2025,USD 3,880,USD 875,USD 61,USD 0,3,Package,100% for cancellations within 14 days of arrival
Beach Pool Villa,Low Season,01/08/2025,30/09/2025,USD 3,990,USD 910,USD 61,USD 0,3,Package,100% for cancellations within 14 days of arrival
Deluxe Beach Pool Villa,Low Season,01/08/2025,30/09/2025,USD 4,650,USD 1,130,USD 61,USD 0,3,Package,100% for cancellations within 14 days of arrival
Over Water Pool Villa,Low Season,01/08/2025,30/09/2025,USD 3,990,USD 910,USD 61,USD 0,3,Package,100% for cancellations within 14 days of arrival
Deluxe Over Water Pool Villa,Low Season,01/08/2025,30/09/2025,USD 4,440,USD 1,060,USD 61,USD 0,3,Package,100% for cancellations within 14 days of arrival
Family Beach Pool Villa,Low Season,01/08/2025,30/09/2025,USD 4,890,USD 1,210,USD 61,USD 0,3,Package,100% for cancellations within 14 days of arrival
Deluxe Family Beach Pool Villa,Low Season,01/08/2025,30/09/2025,USD 5,490,USD 1,415,USD 61,USD 0,3,Package,100% for cancellations within 14 days of arrival
One Bedroom Ocean Pool Pavilion,Low Season,01/08/2025,30/09/2025,USD 5,950,USD 1,585,USD 61,USD 0,3,Package,100% for cancellations within 14 days of arrival
One Bedroom Beach Pool Pavilion,Low Season,01/08/2025,30/09/2025,USD 6,400,USD 1,735,USD 61,USD 0,3,Package,100% for cancellations within 14 days of arrival
Two Bedroom Ocean Pool Pavilion,Low Season,01/08/2025,30/09/2025,USD 10,660,USD 2,800,USD 61,USD 0,3,Package,100% for cancellations within 14 days of arrival
Two Bedroom Beach Pool Pavilion,Low Season,01/08/2025,30/09/2025,USD 11,790,USD 3,175,USD 61,USD 0,3,Package,100% for cancellations within 14 days of arrival
Three Bedroom Beach Pool Pavilion,Low Season,01/08/2025,30/09/2025,USD 14,920,USD 3,860,USD 61,USD 0,3,Package,100% for cancellations within 14 days of arrival
Beach Villa,Shoulder Season,01/10/2025,22/12/2025,USD 3,880,USD 875,USD 61,USD 0,3,Package,100% for cancellations within 21 days of arrival
Deluxe Beach Villa,Shoulder Season,01/10/2025,22/12/2025,USD 4,105,USD 950,USD 61,USD 0,3,Package,100% for cancellations within 21 days of arrival
Beach Pool Villa,Shoulder Season,01/10/2025,22/12/2025,USD 4,440,USD 1,060,USD 61,USD 0,3,Package,100% for cancellations within 21 days of arrival
Deluxe Beach Pool Villa,Shoulder Season,01/10/2025,22/12/2025,USD 5,010,USD 1,250,USD 61,USD 0,3,Package,100% for cancellations within 21 days of arrival
Over Water Pool Villa,Shoulder Season,01/10/2025,22/12/2025,USD 4,440,USD 1,060,USD 61,USD 0,3,Package,100% for cancellations within 21 days of arrival
Deluxe Over Water Pool Villa,Shoulder Season,01/10/2025,22/12/2025,USD 4,890,USD 1,210,USD 61,USD 0,3,Package,100% for cancellations within 21 days of arrival
Family Beach Pool Villa,Shoulder Season,01/10/2025,22/12/2025,USD 5,680,USD 1,475,USD 61,USD 0,3,Package,100% for cancellations within 21 days of arrival
Deluxe Family Beach Pool Villa,Shoulder Season,01/10/2025,22/12/2025,USD 6,330,USD 1,695,USD 61,USD 0,3,Package,100% for cancellations within 21 days of arrival
One Bedroom Ocean Pool Pavilion,Shoulder Season,01/10/2025,22/12/2025,USD 6,850,USD 1,885,USD 61,USD 0,3,Package,100% for cancellations within 21 days of arrival
One Bedroom Beach Pool Pavilion,Shoulder Season,01/10/2025,22/12/2025,USD 7,080,USD 1,960,USD 61,USD 0,3,Package,100% for cancellations within 21 days of arrival
Two Bedroom Ocean Pool Pavilion,Shoulder Season,01/10/2025,22/12/2025,USD 12,910,USD 3,550,USD 61,USD 0,3,Package,100% for cancellations within 21 days of arrival
Two Bedroom Beach Pool Pavilion,Shoulder Season,01/10/2025,22/12/2025,USD 14,715,USD 4,150,USD 61,USD 0,3,Package,100% for cancellations within 21 days of arrival
Three Bedroom Beach Pool Pavilion,Shoulder Season,01/10/2025,22/12/2025,USD 18,520,USD 5,060,USD 61,USD 0,3,Package,100% for cancellations within 21 days of arrival