Villa_Type,Max_Occupancy,Standard_Occupancy,Villa_Features,Pool_Available,Villa_Category,Villa_Size_SQM,Bedrooms,Bathrooms,Balcony_Terrace
Beach Villa,2,2,Breakfast & Dinner at Epicure or BLU,No,Beach Villa,Not specified,Not specified,Not specified,Not specified
Deluxe Beach Villa,2,2,Breakfast & Dinner at Epicure or BLU,No,Beach Villa,Not specified,Not specified,Not specified,Not specified
Beach Pool Villa,2,2,Breakfast & Dinner at Epicure or BLU,Yes,Beach Villa,Not specified,Not specified,Not specified,Not specified
Deluxe Beach Pool Villa,2,2,Breakfast & Dinner at Epicure or BLU,Yes,Beach Villa,Not specified,Not specified,Not specified,Not specified
Over Water Pool Villa,2,2,Breakfast & Dinner at Epicure or BLU,Yes,Overwater Villa,Not specified,Not specified,Not specified,Not specified
Deluxe Over Water Pool Villa,2,2,Breakfast & Dinner at Epicure or BLU,Yes,Overwater Villa,Not specified,Not specified,Not specified,Not specified
Family Beach Pool Villa,4,4,Breakfast & Dinner at Epicure or BLU,Yes,Family Villa,Not specified,Not specified,Not specified,Not specified
Deluxe Family Beach Pool Villa,4,4,Breakfast & Dinner at Epicure or BLU,Yes,Family Villa,Not specified,Not specified,Not specified,Not specified
One Bedroom Ocean Pool Pavilion,2,2,Breakfast & Dinner at Epicure or BLU,Yes,Pavilion,Not specified,1,Not specified,Not specified
One Bedroom Beach Pool Pavilion,2,2,Breakfast & Dinner at Epicure or BLU,Yes,Pavilion,Not specified,1,Not specified,Not specified
Two Bedroom Ocean Pool Pavilion,4,4,Breakfast & Dinner at Epicure or BLU,Yes,Pavilion,Not specified,2,Not specified,Not specified
Two Bedroom Beach Pool Pavilion,4,4,Breakfast & Dinner at Epicure or BLU,Yes,Pavilion,Not specified,2,Not specified,Not specified
Three Bedroom Beach Pool Pavilion,6,6,Breakfast & Dinner at Epicure or BLU,Yes,Pavilion,Not specified,3,Not specified,Not specified